Activity_ID,Student_ID,Civic_Sense_Score,Sports_Activity,Sports_Performance_Grade,Creativity_Index
1,STU1001,6,Yoga,B,9
2,STU1002,6,Yoga,A,6
3,STU1003,6,Cricket,B,10
4,STU1004,9,Gymnastics,A,5
5,STU1005,9,Football,C,5
6,STU1006,6,Cricket,C,5
7,STU1007,7,Football,C,8
8,STU1008,7,None,D,5
9,STU1009,6,Football,A,8
10,STU1010,7,Gymnastics,C,7
11,STU1011,9,Gymnastics,B,7
12,STU1012,6,Cricket,C,5
13,STU1013,6,Yoga,B,10
14,STU1014,7,Cricket,C,8
15,STU1015,9,Football,B,9
16,STU1016,6,Gymnastics,B,5
17,STU1017,7,Football,B,7
18,STU1018,6,Yoga,B,5
19,STU1019,8,Gymnastics,B,7
20,STU1020,7,None,D,7
21,STU1021,7,Football,A,6
22,STU1022,9,Football,C,7
23,STU1023,6,Gymnastics,C,5
24,STU1024,8,Cricket,A,8
25,STU1025,10,Yoga,A,9
26,STU1026,8,Football,A,9
27,STU1027,8,Gymnastics,B,10
28,STU1028,8,Cricket,B,6
29,STU1029,8,Yoga,B,8
30,STU1030,7,Cricket,B,6
31,STU1031,8,Yoga,A,9
32,STU1032,9,Yoga,C,5
33,STU1033,8,Cricket,C,5
34,STU1034,7,Cricket,A,8
35,STU1035,8,Gymnastics,C,10
36,STU1036,7,Cricket,C,10
37,STU1037,6,None,D,8
38,STU1038,10,Cricket,C,10
39,STU1039,9,Gymnastics,C,9
40,STU1040,8,Gymnastics,A,8
41,STU1041,6,None,D,9
42,STU1042,7,Yoga,A,5
43,STU1043,8,Yoga,C,10
44,STU1044,8,Yoga,B,8
45,STU1045,7,Yoga,C,6
46,STU1046,7,None,D,7
47,STU1047,9,Gymnastics,C,6
48,STU1048,9,Cricket,C,5
49,STU1049,9,Yoga,A,9
50,STU1050,8,Cricket,C,6
51,STU1051,9,Cricket,B,7
52,STU1052,6,Football,B,9
53,STU1053,6,Cricket,C,5
54,STU1054,8,Gymnastics,C,9
55,STU1055,10,Gymnastics,B,10
56,STU1056,6,None,D,10
57,STU1057,8,None,D,6
58,STU1058,6,Yoga,A,7
59,STU1059,10,Gymnastics,C,7
60,STU1060,7,Cricket,C,9
61,STU1061,8,Football,B,8
62,STU1062,9,Cricket,B,9
63,STU1063,7,None,D,10
64,STU1064,10,Football,B,10
65,STU1065,6,Cricket,A,8
66,STU1066,10,Yoga,A,7
67,STU1067,9,Gymnastics,C,6
68,STU1068,10,None,D,5
69,STU1069,10,Cricket,B,10
70,STU1070,10,Cricket,A,6
71,STU1071,7,Cricket,B,10
72,STU1072,10,None,D,7
73,STU1073,7,Football,A,9
74,STU1074,7,Cricket,A,6
75,STU1075,8,Gymnastics,B,8
76,STU1076,7,Cricket,C,7
77,STU1077,7,Yoga,B,9
78,STU1078,6,Football,C,8
79,STU1079,9,Cricket,B,10
80,STU1080,6,Yoga,A,6
81,STU1081,9,Gymnastics,A,10
82,STU1082,7,Yoga,C,6
83,STU1083,9,Gymnastics,B,6
84,STU1084,7,Yoga,C,5
85,STU1085,7,None,D,5
86,STU1086,8,Cricket,B,6
87,STU1087,10,Gymnastics,B,6
88,STU1088,6,None,D,7
89,STU1089,9,None,D,5
90,STU1090,10,Football,B,7
91,STU1091,6,Yoga,C,10
92,STU1092,7,Yoga,A,10
93,STU1093,6,Yoga,B,9
94,STU1094,10,Gymnastics,C,8
95,STU1095,10,Gymnastics,B,6
96,STU1096,7,Football,B,8
97,STU1097,10,Gymnastics,A,7
98,STU1098,7,Cricket,B,9
99,STU1099,6,None,D,6
100,STU1100,7,Football,B,5
101,STU1101,6,Cricket,A,5
102,STU1102,7,Cricket,A,5
103,STU1103,9,Football,B,7
104,STU1104,6,Yoga,B,6
105,STU1105,10,None,D,7
106,STU1106,8,Cricket,A,10
107,STU1107,7,Football,A,6
108,STU1108,7,Cricket,C,6
109,STU1109,9,None,D,6
110,STU1110,8,Gymnastics,A,10
111,STU1111,10,Football,C,7
112,STU1112,6,Gymnastics,A,6
113,STU1113,10,None,D,7
114,STU1114,9,Football,B,9
115,STU1115,10,Cricket,A,6
116,STU1116,6,None,D,8
117,STU1117,7,Gymnastics,C,6
118,STU1118,6,Cricket,C,9
119,STU1119,10,Gymnastics,A,6
120,STU1120,8,None,D,5
121,STU1121,7,Gymnastics,C,5
122,STU1122,8,None,D,7
123,STU1123,10,Football,C,9
124,STU1124,6,Gymnastics,C,6
125,STU1125,8,Gymnastics,C,10
126,STU1126,7,Cricket,A,9
127,STU1127,7,Gymnastics,A,6
128,STU1128,8,Yoga,B,9
129,STU1129,7,Yoga,B,7
130,STU1130,8,Gymnastics,B,5
131,STU1131,6,Yoga,A,5
132,STU1132,8,None,D,7
133,STU1133,10,Football,B,6
134,STU1134,10,Cricket,C,10
135,STU1135,6,Cricket,C,9
136,STU1136,10,None,D,6
137,STU1137,7,Yoga,A,9
138,STU1138,7,None,D,10
139,STU1139,8,Gymnastics,C,8
140,STU1140,10,Yoga,C,6
141,STU1141,9,Yoga,A,10
142,STU1142,9,Yoga,B,5
143,STU1143,8,Yoga,A,5
144,STU1144,7,Cricket,B,10
145,STU1145,6,Gymnastics,B,8
146,STU1146,9,Gymnastics,A,5
147,STU1147,7,Cricket,C,5
148,STU1148,6,Gymnastics,C,10
149,STU1149,6,None,D,5
150,STU1150,8,Football,A,7
151,STU1151,10,Gymnastics,A,6
152,STU1152,6,Yoga,C,6
153,STU1153,6,Gymnastics,B,6
154,STU1154,10,Gymnastics,A,5
155,STU1155,7,None,D,8
156,STU1156,7,Gymnastics,A,5
157,STU1157,10,Football,A,9
158,STU1158,6,Yoga,C,7
159,STU1159,7,Gymnastics,A,5
160,STU1160,6,Football,B,8
161,STU1161,9,Yoga,A,10
162,STU1162,8,None,D,8
163,STU1163,8,Football,A,8
164,STU1164,8,Cricket,B,7
165,STU1165,8,None,D,6
166,STU1166,10,Yoga,C,5
167,STU1167,7,Gymnastics,C,8
168,STU1168,6,Cricket,B,6
169,STU1169,7,Cricket,C,10
170,STU1170,8,None,D,8
171,STU1171,10,Football,B,5
172,STU1172,8,None,D,5
173,STU1173,6,None,D,9
174,STU1174,9,Yoga,B,9
175,STU1175,8,Yoga,C,8
176,STU1176,9,None,D,10
177,STU1177,6,Gymnastics,B,10
178,STU1178,8,Cricket,B,6
179,STU1179,8,Yoga,A,5
180,STU1180,8,Yoga,B,10
181,STU1181,9,Cricket,C,7
182,STU1182,7,Cricket,C,5
183,STU1183,9,Gymnastics,B,10
184,STU1184,10,None,D,10
185,STU1185,7,Cricket,A,5
186,STU1186,7,Cricket,B,7
187,STU1187,6,None,D,7
188,STU1188,6,Gymnastics,A,8
189,STU1189,10,Yoga,B,5
190,STU1190,9,Yoga,C,7
191,STU1191,8,Cricket,A,5
192,STU1192,6,Cricket,A,7
193,STU1193,8,Gymnastics,B,10
194,STU1194,8,None,D,7
195,STU1195,9,None,D,8
196,STU1196,7,None,D,7
197,STU1197,9,Football,B,7
198,STU1198,9,Yoga,C,5
199,STU1199,10,Football,B,9
200,STU1200,9,Football,B,8
201,STU1201,9,Cricket,A,8
202,STU1202,7,Cricket,C,9
203,STU1203,9,Yoga,C,9
204,STU1204,6,None,D,5
205,STU1205,6,Cricket,B,6
206,STU1206,8,Yoga,A,6
207,STU1207,10,Cricket,B,10
208,STU1208,10,None,D,7
209,STU1209,6,Football,A,7
210,STU1210,8,Gymnastics,A,5
211,STU1211,9,Cricket,C,7
212,STU1212,9,Yoga,B,10
213,STU1213,9,Gymnastics,A,10
214,STU1214,6,Cricket,C,10
215,STU1215,7,Football,A,6
216,STU1216,10,Gymnastics,B,8
217,STU1217,6,Yoga,B,6
218,STU1218,9,Gymnastics,C,5
219,STU1219,8,Yoga,B,7
220,STU1220,10,Yoga,B,8
221,STU1221,10,Football,B,9
222,STU1222,8,None,D,5
223,STU1223,7,None,D,6
224,STU1224,6,Football,B,5
225,STU1225,7,Yoga,B,7
226,STU1226,10,Football,C,10
227,STU1227,9,Yoga,C,10
228,STU1228,6,Yoga,B,10
229,STU1229,10,Yoga,A,9
230,STU1230,6,Yoga,B,9
231,STU1231,8,Yoga,B,9
232,STU1232,7,Football,C,9
233,STU1233,8,None,D,9
234,STU1234,9,Cricket,C,9
235,STU1235,9,Gymnastics,B,6
236,STU1236,9,Yoga,C,8
237,STU1237,9,Gymnastics,C,6
238,STU1238,6,Football,B,7
239,STU1239,7,Cricket,C,7
240,STU1240,6,Gymnastics,A,9
241,STU1241,9,None,D,6
242,STU1242,10,Yoga,B,8
243,STU1243,9,Gymnastics,B,8
244,STU1244,9,None,D,5
245,STU1245,6,Cricket,C,9
246,STU1246,7,Football,B,7
247,STU1247,8,Yoga,C,6
248,STU1248,10,Cricket,B,6
249,STU1249,9,Gymnastics,A,9
250,STU1250,10,Gymnastics,B,7
251,STU1251,8,Cricket,A,9
252,STU1252,8,Gymnastics,C,10
253,STU1253,7,None,D,10
254,STU1254,9,Cricket,C,8
255,STU1255,8,Gymnastics,B,7
256,STU1256,9,Yoga,A,5
257,STU1257,8,Gymnastics,A,8
258,STU1258,7,Cricket,C,7
259,STU1259,6,Yoga,B,7
260,STU1260,8,Yoga,A,9
261,STU1261,10,None,D,10
262,STU1262,10,Gymnastics,B,7
263,STU1263,7,Gymnastics,C,7
264,STU1264,7,Yoga,B,8
265,STU1265,10,Yoga,B,7
266,STU1266,8,Gymnastics,B,10
267,STU1267,9,Football,B,6
268,STU1268,8,Cricket,C,6
269,STU1269,8,None,D,5
270,STU1270,8,Cricket,C,6
271,STU1271,9,Gymnastics,C,6
272,STU1272,9,None,D,6
273,STU1273,7,Gymnastics,C,8
274,STU1274,8,None,D,10
275,STU1275,10,Cricket,C,8
276,STU1276,10,Yoga,A,9
277,STU1277,9,Cricket,A,8
278,STU1278,9,None,D,8
279,STU1279,10,Football,B,5
280,STU1280,9,Yoga,B,10
281,STU1281,10,None,D,6
282,STU1282,8,Yoga,A,6
283,STU1283,6,None,D,8
284,STU1284,9,Gymnastics,B,5
285,STU1285,7,Gymnastics,B,8
286,STU1286,10,Football,B,7
287,STU1287,9,Gymnastics,B,5
288,STU1288,10,None,D,5
289,STU1289,6,Football,C,8
290,STU1290,9,Yoga,A,9
291,STU1291,9,Yoga,C,6
292,STU1292,7,Cricket,A,7
293,STU1293,9,Cricket,B,9
294,STU1294,9,Gymnastics,C,9
295,STU1295,6,None,D,8
296,STU1296,10,Football,A,6
297,STU1297,9,Cricket,A,10
298,STU1298,10,Football,A,5
299,STU1299,8,None,D,10
300,STU1300,6,Football,B,6
301,STU1301,8,Football,B,6
302,STU1302,10,Football,B,10
303,STU1303,10,Cricket,C,7
304,STU1304,6,Gymnastics,C,5
305,STU1305,10,Yoga,C,10
306,STU1306,10,Cricket,C,5
307,STU1307,7,Yoga,B,9
308,STU1308,8,Football,A,5
309,STU1309,6,Football,C,9
310,STU1310,9,Cricket,B,9
311,STU1311,9,None,D,7
312,STU1312,8,Cricket,C,5
313,STU1313,7,Football,A,5
314,STU1314,10,Cricket,B,10
315,STU1315,10,Gymnastics,C,8
316,STU1316,9,None,D,10
317,STU1317,8,Football,C,6
318,STU1318,8,None,D,6
319,STU1319,7,Gymnastics,B,10
320,STU1320,8,None,D,6
321,STU1321,10,Gymnastics,A,7
322,STU1322,9,Gymnastics,A,10
323,STU1323,8,None,D,10
324,STU1324,8,Football,A,5
325,STU1325,7,Gymnastics,A,8
326,STU1326,6,None,D,8
327,STU1327,7,Gymnastics,A,5
328,STU1328,8,Yoga,B,5
329,STU1329,7,Gymnastics,B,6
330,STU1330,10,Football,B,9
331,STU1331,8,None,D,10
332,STU1332,7,Gymnastics,A,10
333,STU1333,9,Gymnastics,C,9
334,STU1334,9,Football,C,9
335,STU1335,10,None,D,10
336,STU1336,10,None,D,7
337,STU1337,6,None,D,6
338,STU1338,9,Football,C,8
339,STU1339,9,Yoga,B,8
340,STU1340,10,None,D,8
341,STU1341,6,Yoga,A,5
342,STU1342,9,Football,C,8
343,STU1343,9,Gymnastics,B,9
344,STU1344,7,Yoga,A,10
345,STU1345,8,Football,A,8
346,STU1346,10,Football,A,5
347,STU1347,8,Yoga,A,5
348,STU1348,6,Cricket,C,8
349,STU1349,6,None,D,6
350,STU1350,8,Football,B,6
351,STU1351,6,Gymnastics,B,6
352,STU1352,9,Cricket,B,9
353,STU1353,10,Football,B,8
354,STU1354,8,Cricket,C,5
355,STU1355,7,Football,A,7
356,STU1356,6,Cricket,C,5
357,STU1357,8,Yoga,B,9
358,STU1358,9,Football,A,8
359,STU1359,7,Cricket,C,8
360,STU1360,6,Cricket,C,10
361,STU1361,9,None,D,7
362,STU1362,7,Gymnastics,B,5
363,STU1363,9,Gymnastics,A,5
364,STU1364,6,Cricket,C,6
365,STU1365,9,Gymnastics,A,6
366,STU1366,7,Gymnastics,C,9
367,STU1367,6,Cricket,A,5
368,STU1368,8,Football,B,9
369,STU1369,7,None,D,5
370,STU1370,10,Football,C,6
371,STU1371,8,Cricket,B,5
372,STU1372,6,None,D,6
373,STU1373,9,Yoga,C,7
374,STU1374,10,Gymnastics,A,8
375,STU1375,7,Yoga,A,10
376,STU1376,8,Yoga,C,6
377,STU1377,6,Gymnastics,A,7
378,STU1378,6,Cricket,A,9
379,STU1379,8,Cricket,A,7
380,STU1380,8,Football,A,10
381,STU1381,6,Yoga,C,9
382,STU1382,9,Football,B,5
383,STU1383,9,Football,C,9
384,STU1384,8,Gymnastics,C,8
385,STU1385,9,Cricket,B,8
386,STU1386,8,Yoga,B,9
387,STU1387,7,Gymnastics,B,7
388,STU1388,6,Football,A,7
389,STU1389,8,Yoga,A,8
390,STU1390,9,Yoga,C,9
391,STU1391,10,Cricket,C,8
392,STU1392,9,Yoga,A,7
393,STU1393,10,Gymnastics,B,6
394,STU1394,6,Yoga,C,5
395,STU1395,10,Gymnastics,A,5
396,STU1396,8,Cricket,A,9
397,STU1397,10,Yoga,B,8
398,STU1398,9,None,D,5
399,STU1399,7,Gymnastics,C,8
400,STU1400,10,Yoga,A,8
401,STU1401,8,Yoga,A,7
402,STU1402,8,Football,C,7
403,STU1403,8,Gymnastics,B,6
404,STU1404,6,None,D,9
405,STU1405,6,Yoga,A,10
406,STU1406,6,Cricket,A,7
407,STU1407,9,None,D,10
408,STU1408,9,Gymnastics,C,6
409,STU1409,8,Gymnastics,A,9
410,STU1410,8,Yoga,A,6
411,STU1411,9,None,D,10
412,STU1412,10,Yoga,A,5
413,STU1413,6,Gymnastics,C,8
414,STU1414,10,Gymnastics,C,5
415,STU1415,6,Gymnastics,C,5
416,STU1416,6,Football,B,7
417,STU1417,8,Gymnastics,A,9
418,STU1418,7,Gymnastics,B,9
419,STU1419,9,Cricket,C,10
420,STU1420,6,Yoga,A,7
421,STU1421,9,Yoga,A,5
422,STU1422,6,Gymnastics,A,8
423,STU1423,6,Gymnastics,B,10
424,STU1424,6,None,D,10
425,STU1425,6,Gymnastics,B,5
426,STU1426,10,Football,C,7
427,STU1427,8,Yoga,B,7
428,STU1428,9,None,D,5
429,STU1429,9,Gymnastics,A,8
430,STU1430,9,Gymnastics,A,8
431,STU1431,6,Football,A,9
432,STU1432,10,Yoga,C,6
433,STU1433,6,Football,A,7
434,STU1434,10,Cricket,B,6
435,STU1435,7,Football,C,8
436,STU1436,8,Gymnastics,C,9
437,STU1437,7,Gymnastics,B,6
438,STU1438,8,Cricket,C,10
439,STU1439,10,Football,C,5
440,STU1440,6,None,D,7
441,STU1441,10,Yoga,C,7
442,STU1442,9,Gymnastics,C,10
443,STU1443,10,Cricket,A,9
444,STU1444,7,Football,B,10
445,STU1445,9,Cricket,C,6
446,STU1446,7,Cricket,C,8
447,STU1447,6,None,D,9
448,STU1448,6,Yoga,B,6
449,STU1449,6,Gymnastics,C,5
450,STU1450,7,Cricket,C,10
451,STU1451,9,Football,B,10
452,STU1452,6,Yoga,B,6
453,STU1453,10,None,D,7
454,STU1454,6,Cricket,B,7
455,STU1455,9,Cricket,B,8
456,STU1456,9,None,D,6
457,STU1457,9,None,D,7
458,STU1458,9,Football,B,10
459,STU1459,6,Yoga,A,6
460,STU1460,9,Gymnastics,A,9
461,STU1461,7,None,D,5
462,STU1462,7,Yoga,B,6
463,STU1463,8,None,D,5
464,STU1464,6,None,D,8
465,STU1465,8,None,D,5
466,STU1466,9,Gymnastics,A,9
467,STU1467,10,Cricket,C,8
468,STU1468,7,Yoga,A,10
469,STU1469,6,Cricket,B,5
470,STU1470,9,None,D,7
471,STU1471,8,Yoga,A,9
472,STU1472,10,Cricket,A,6
473,STU1473,8,Cricket,A,8
474,STU1474,8,Gymnastics,A,10
475,STU1475,10,Gymnastics,A,9
476,STU1476,9,None,D,7
477,STU1477,7,Yoga,C,8
478,STU1478,6,Yoga,B,7
479,STU1479,10,Yoga,C,5
480,STU1480,10,Cricket,B,6
481,STU1481,9,Football,B,5
482,STU1482,10,Cricket,A,9
483,STU1483,9,Yoga,B,8
484,STU1484,6,Cricket,C,6
485,STU1485,6,Cricket,A,7
486,STU1486,10,Yoga,B,9
487,STU1487,8,Gymnastics,A,7
488,STU1488,10,Cricket,C,9
489,STU1489,8,Gymnastics,B,6
490,STU1490,6,Football,C,8
491,STU1491,7,Yoga,A,9
492,STU1492,9,Yoga,B,6
493,STU1493,7,Cricket,B,6
494,STU1494,7,Yoga,A,9
495,STU1495,8,Cricket,A,7
496,STU1496,7,Football,B,7
497,STU1497,9,Cricket,B,5
498,STU1498,10,Gymnastics,C,9
499,STU1499,8,Yoga,A,5
500,STU1500,7,Cricket,C,9
501,STU1501,8,None,D,5
502,STU1502,6,Cricket,B,7
503,STU1503,6,Cricket,C,6
504,STU1504,6,Yoga,C,8
505,STU1505,6,Yoga,A,7
506,STU1506,8,None,D,8
507,STU1507,10,Football,A,6
508,STU1508,9,None,D,8
509,STU1509,7,None,D,8
510,STU1510,10,Yoga,B,9
511,STU1511,7,Gymnastics,C,9
512,STU1512,7,None,D,5
513,STU1513,7,Yoga,A,10
514,STU1514,7,Cricket,B,9
515,STU1515,6,Gymnastics,A,7
516,STU1516,9,Gymnastics,A,5
517,STU1517,7,Cricket,A,7
518,STU1518,9,None,D,6
519,STU1519,8,Cricket,A,9
520,STU1520,8,Cricket,C,9
521,STU1521,7,Gymnastics,C,8
522,STU1522,8,Gymnastics,B,6
523,STU1523,7,Yoga,C,8
524,STU1524,7,Yoga,C,5
525,STU1525,8,None,D,10
526,STU1526,8,Gymnastics,C,7
527,STU1527,6,Cricket,C,7
528,STU1528,10,Cricket,B,7
529,STU1529,9,Football,C,10
530,STU1530,6,Gymnastics,C,9
531,STU1531,10,Gymnastics,B,9
532,STU1532,7,Cricket,A,6
533,STU1533,7,Yoga,A,5
534,STU1534,7,Football,C,6
535,STU1535,10,Football,A,9
536,STU1536,10,Cricket,A,8
537,STU1537,8,None,D,5
538,STU1538,7,Cricket,B,8
539,STU1539,6,Yoga,A,5
540,STU1540,10,Gymnastics,B,8
541,STU1541,10,Gymnastics,A,7
542,STU1542,9,Football,B,10
543,STU1543,6,Football,B,10
544,STU1544,8,None,D,8
545,STU1545,10,Gymnastics,A,8
546,STU1546,9,Cricket,B,9
547,STU1547,7,Football,C,8
548,STU1548,6,None,D,9
549,STU1549,7,Football,A,6
550,STU1550,10,Cricket,A,8
551,STU1551,10,None,D,9
552,STU1552,7,Gymnastics,B,7
553,STU1553,6,Gymnastics,B,10
554,STU1554,6,Gymnastics,A,9
555,STU1555,6,None,D,5
556,STU1556,10,Gymnastics,A,10
557,STU1557,9,None,D,8
558,STU1558,7,Cricket,B,9
559,STU1559,10,Gymnastics,A,9
560,STU1560,6,Gymnastics,C,8
561,STU1561,10,Football,B,5
562,STU1562,10,Yoga,C,5
563,STU1563,7,Football,C,7
564,STU1564,8,Yoga,C,8
565,STU1565,6,None,D,8
566,STU1566,6,Gymnastics,C,10
567,STU1567,7,Yoga,A,6
568,STU1568,10,Gymnastics,C,9
569,STU1569,9,Football,A,5
570,STU1570,6,Cricket,C,9
571,STU1571,7,None,D,7
572,STU1572,6,None,D,9
573,STU1573,8,Yoga,B,10
574,STU1574,10,None,D,8
575,STU1575,10,Yoga,C,5
576,STU1576,7,Yoga,B,6
577,STU1577,8,Gymnastics,C,9
578,STU1578,9,Football,B,10
579,STU1579,6,Cricket,A,6
580,STU1580,6,None,D,10
581,STU1581,6,Gymnastics,C,8
582,STU1582,9,Cricket,B,7
583,STU1583,10,Gymnastics,C,9
584,STU1584,8,Cricket,C,6
585,STU1585,9,None,D,10
586,STU1586,6,Football,B,10
587,STU1587,10,Yoga,C,6
588,STU1588,7,Cricket,A,8
589,STU1589,9,None,D,10
590,STU1590,10,Cricket,B,8
591,STU1591,6,Yoga,B,7
592,STU1592,10,Cricket,A,10
593,STU1593,9,Cricket,B,6
594,STU1594,7,Gymnastics,C,5
595,STU1595,8,Football,B,8
596,STU1596,9,None,D,9
597,STU1597,8,Yoga,A,10
598,STU1598,7,Gymnastics,C,5
599,STU1599,7,Football,C,8
600,STU1600,6,None,D,7
601,STU1601,9,Gymnastics,A,8
602,STU1602,6,Yoga,A,9
603,STU1603,9,Yoga,C,9
604,STU1604,9,Cricket,A,7
605,STU1605,8,Gymnastics,B,8
606,STU1606,9,Football,A,8
607,STU1607,10,Gymnastics,C,9
608,STU1608,8,Yoga,C,8
609,STU1609,7,Yoga,C,7
610,STU1610,8,Yoga,B,6
611,STU1611,10,Gymnastics,B,8
612,STU1612,7,Football,C,9
613,STU1613,10,Gymnastics,A,5
614,STU1614,7,Gymnastics,B,10
615,STU1615,10,Cricket,B,7
616,STU1616,6,Yoga,B,5
617,STU1617,6,None,D,6
618,STU1618,7,Football,C,8
619,STU1619,9,None,D,10
620,STU1620,10,Football,C,6
621,STU1621,7,None,D,6
622,STU1622,10,Gymnastics,A,9
623,STU1623,7,Yoga,B,7
624,STU1624,10,Gymnastics,A,10
625,STU1625,10,Gymnastics,A,8
626,STU1626,6,Yoga,B,6
627,STU1627,8,Yoga,C,8
628,STU1628,10,None,D,5
629,STU1629,8,Gymnastics,C,6
630,STU1630,6,Yoga,C,10
631,STU1631,7,Football,B,8
632,STU1632,7,Yoga,A,10
633,STU1633,9,Cricket,C,5
634,STU1634,6,Gymnastics,B,6
635,STU1635,8,Cricket,C,8
636,STU1636,9,Yoga,C,5
637,STU1637,6,Cricket,A,9
638,STU1638,6,Cricket,B,9
639,STU1639,9,None,D,7
640,STU1640,8,Yoga,B,7
641,STU1641,7,Cricket,A,5
642,STU1642,9,Yoga,B,9
643,STU1643,7,Gymnastics,C,10
644,STU1644,8,Football,A,10
645,STU1645,8,Football,B,6
646,STU1646,10,None,D,9
647,STU1647,9,Football,A,10
648,STU1648,9,Football,A,6
649,STU1649,9,Yoga,B,8
650,STU1650,10,Cricket,C,5
651,STU1651,9,None,D,5
652,STU1652,9,Cricket,B,5
653,STU1653,6,Yoga,A,6
654,STU1654,7,Cricket,A,7
655,STU1655,9,Football,A,7
656,STU1656,9,Yoga,A,8
657,STU1657,8,Yoga,C,9
658,STU1658,9,Football,B,7
659,STU1659,8,Yoga,A,5
660,STU1660,8,Gymnastics,C,8
661,STU1661,8,Cricket,B,5
662,STU1662,6,None,D,6
663,STU1663,8,None,D,10
664,STU1664,8,None,D,6
665,STU1665,10,Gymnastics,B,10
666,STU1666,8,None,D,9
667,STU1667,9,None,D,7
668,STU1668,7,Yoga,C,5
669,STU1669,6,Yoga,B,10
670,STU1670,7,Football,A,9
671,STU1671,6,Gymnastics,B,5
672,STU1672,7,Football,C,5
673,STU1673,7,Gymnastics,B,9
674,STU1674,8,Yoga,A,7
675,STU1675,7,Football,C,10
676,STU1676,8,Gymnastics,C,7
677,STU1677,9,Yoga,C,8
678,STU1678,6,Gymnastics,B,7
679,STU1679,7,Gymnastics,C,7
680,STU1680,8,Gymnastics,A,9
681,STU1681,10,Yoga,A,6
682,STU1682,10,Gymnastics,B,5
683,STU1683,6,Cricket,C,5
684,STU1684,10,None,D,8
685,STU1685,8,Football,C,7
686,STU1686,10,None,D,6
687,STU1687,10,Cricket,B,6
688,STU1688,8,Cricket,A,6
689,STU1689,10,Gymnastics,B,6
690,STU1690,10,None,D,7
691,STU1691,9,Football,B,5
692,STU1692,10,Cricket,A,9
693,STU1693,8,Yoga,B,10
694,STU1694,10,None,D,9
695,STU1695,6,None,D,7
696,STU1696,8,Yoga,C,6
697,STU1697,8,Yoga,A,8
698,STU1698,7,Yoga,A,6
699,STU1699,8,Cricket,C,7
700,STU1700,9,Cricket,C,10
701,STU1701,6,Football,A,8
702,STU1702,7,Yoga,C,9
703,STU1703,8,Yoga,B,6
704,STU1704,10,Yoga,B,10
705,STU1705,10,Gymnastics,A,5
706,STU1706,6,None,D,6
707,STU1707,7,Cricket,A,5
708,STU1708,7,Yoga,C,8
709,STU1709,7,None,D,5
710,STU1710,6,Yoga,B,7
711,STU1711,9,None,D,9
712,STU1712,10,Gymnastics,C,6
713,STU1713,9,Gymnastics,A,5
714,STU1714,8,Gymnastics,A,5
715,STU1715,10,Cricket,C,7
716,STU1716,9,Gymnastics,C,6
717,STU1717,7,Gymnastics,B,6
718,STU1718,7,Football,A,7
719,STU1719,9,Gymnastics,A,7
720,STU1720,6,None,D,8
721,STU1721,10,Yoga,C,5
722,STU1722,9,Gymnastics,C,5
723,STU1723,10,Football,B,10
724,STU1724,10,Gymnastics,B,9
725,STU1725,8,Football,C,6
726,STU1726,10,Gymnastics,A,9
727,STU1727,9,Cricket,C,9
728,STU1728,8,Yoga,B,7
729,STU1729,6,None,D,10
730,STU1730,10,Football,C,10
731,STU1731,8,None,D,8
732,STU1732,7,Football,B,9
733,STU1733,7,None,D,10
734,STU1734,6,Gymnastics,B,5
735,STU1735,6,None,D,7
736,STU1736,10,Football,B,7
737,STU1737,8,None,D,8
738,STU1738,9,Yoga,C,5
739,STU1739,8,Football,A,10
740,STU1740,7,Gymnastics,C,5
741,STU1741,7,Football,C,5
742,STU1742,8,Yoga,B,8
743,STU1743,6,Gymnastics,C,9
744,STU1744,6,Gymnastics,B,8
745,STU1745,6,Cricket,A,6
746,STU1746,6,Football,B,5
747,STU1747,10,Yoga,C,8
748,STU1748,10,Yoga,C,9
749,STU1749,9,Cricket,B,5
750,STU1750,6,Football,B,10
751,STU1751,7,Cricket,C,9
752,STU1752,9,Cricket,C,6
753,STU1753,6,Football,B,7
754,STU1754,9,Football,A,9
755,STU1755,10,None,D,8
756,STU1756,7,Gymnastics,B,10
757,STU1757,9,Football,B,6
758,STU1758,10,None,D,10
759,STU1759,9,Football,A,7
760,STU1760,6,Yoga,A,10
761,STU1761,8,None,D,6
762,STU1762,9,Cricket,B,6
763,STU1763,8,None,D,8
764,STU1764,7,Cricket,B,10
765,STU1765,8,None,D,7
766,STU1766,8,None,D,5
767,STU1767,10,Yoga,B,8
768,STU1768,10,Gymnastics,A,10
769,STU1769,8,Football,C,10
770,STU1770,8,None,D,5
771,STU1771,7,Gymnastics,C,8
772,STU1772,6,Gymnastics,A,7
773,STU1773,9,Yoga,A,9
774,STU1774,9,Yoga,C,5
775,STU1775,6,Football,B,9
776,STU1776,6,Cricket,A,10
777,STU1777,7,None,D,5
778,STU1778,9,Football,A,8
779,STU1779,9,None,D,7
780,STU1780,6,Yoga,C,7
781,STU1781,8,Gymnastics,A,8
782,STU1782,10,Gymnastics,C,8
783,STU1783,9,Gymnastics,A,10
784,STU1784,6,Yoga,A,10
785,STU1785,8,Yoga,A,6
786,STU1786,6,Football,B,5
787,STU1787,8,Gymnastics,B,7
788,STU1788,8,Yoga,B,8
789,STU1789,9,Gymnastics,A,7
790,STU1790,7,Gymnastics,B,9
791,STU1791,8,Cricket,B,5
792,STU1792,6,None,D,8
793,STU1793,8,Cricket,C,9
794,STU1794,7,Football,A,6
795,STU1795,10,Gymnastics,C,7
796,STU1796,7,Yoga,C,5
797,STU1797,9,Cricket,B,10
798,STU1798,6,Yoga,A,8
799,STU1799,9,Cricket,B,6
800,STU1800,7,Football,C,7
801,STU1801,10,Gymnastics,C,5
802,STU1802,10,Gymnastics,A,5
803,STU1803,10,Cricket,C,6
804,STU1804,9,Yoga,A,5
805,STU1805,9,Cricket,B,5
806,STU1806,9,Gymnastics,C,5
807,STU1807,6,Gymnastics,B,6
808,STU1808,6,None,D,7
809,STU1809,6,Cricket,A,7
810,STU1810,9,None,D,10
811,STU1811,9,None,D,8
812,STU1812,9,Football,A,10
813,STU1813,10,Yoga,B,9
814,STU1814,9,None,D,5
815,STU1815,10,Cricket,C,8
816,STU1816,9,None,D,7
817,STU1817,9,Football,A,5
818,STU1818,10,Football,A,9
819,STU1819,10,Gymnastics,C,10
820,STU1820,10,Gymnastics,B,7
821,STU1821,10,None,D,9
822,STU1822,10,Yoga,A,6
823,STU1823,9,None,D,7
824,STU1824,9,Gymnastics,C,9
825,STU1825,9,Gymnastics,B,6
826,STU1826,10,Football,A,6
827,STU1827,6,Gymnastics,A,9
828,STU1828,8,Gymnastics,B,7
829,STU1829,10,Cricket,A,7
830,STU1830,7,Gymnastics,B,6
831,STU1831,7,Cricket,A,10
832,STU1832,8,Gymnastics,C,8
833,STU1833,10,Yoga,A,5
834,STU1834,10,None,D,6
835,STU1835,7,Gymnastics,B,7
836,STU1836,10,Cricket,C,10
837,STU1837,7,Cricket,B,8
838,STU1838,8,None,D,5
839,STU1839,8,Football,C,10
840,STU1840,7,Cricket,B,10
841,STU1841,10,Football,B,8
842,STU1842,10,Football,A,5
843,STU1843,10,Yoga,A,5
844,STU1844,10,Cricket,C,10
845,STU1845,7,None,D,8
846,STU1846,6,Yoga,B,5
847,STU1847,10,Yoga,B,5
848,STU1848,8,None,D,7
849,STU1849,8,Yoga,C,5
850,STU1850,10,Yoga,A,5
851,STU1851,10,None,D,6
852,STU1852,8,Gymnastics,C,6
853,STU1853,10,Cricket,C,5
854,STU1854,7,None,D,8
855,STU1855,10,Cricket,C,5
856,STU1856,10,Cricket,C,8
857,STU1857,9,Cricket,B,9
858,STU1858,8,Gymnastics,C,5
859,STU1859,9,Gymnastics,A,10
860,STU1860,6,Gymnastics,C,8
861,STU1861,7,Yoga,A,9
862,STU1862,6,Gymnastics,A,8
863,STU1863,10,Yoga,C,5
864,STU1864,10,Yoga,C,10
865,STU1865,7,Cricket,B,7
866,STU1866,10,Gymnastics,B,10
867,STU1867,10,Yoga,C,10
868,STU1868,9,Yoga,A,6
869,STU1869,6,Cricket,A,6
870,STU1870,6,Cricket,C,7
871,STU1871,10,Cricket,B,8
872,STU1872,8,None,D,9
873,STU1873,10,Football,A,8
874,STU1874,8,Yoga,C,9
875,STU1875,9,Yoga,C,8
876,STU1876,6,Yoga,C,9
877,STU1877,8,Football,A,9
878,STU1878,8,None,D,5
879,STU1879,10,Cricket,A,5
880,STU1880,7,Football,A,8
881,STU1881,8,Football,A,9
882,STU1882,9,Gymnastics,A,8
883,STU1883,10,None,D,7
884,STU1884,8,Football,B,10
885,STU1885,10,Football,C,6
886,STU1886,8,Yoga,B,10
887,STU1887,7,Yoga,B,10
888,STU1888,10,Cricket,A,6
889,STU1889,10,Cricket,A,10
890,STU1890,6,Yoga,B,7
891,STU1891,9,Yoga,A,9
892,STU1892,8,Football,C,5
893,STU1893,10,Yoga,A,7
894,STU1894,7,Gymnastics,B,6
895,STU1895,6,Football,C,9
896,STU1896,9,Cricket,B,6
897,STU1897,8,Yoga,A,6
898,STU1898,7,Yoga,A,6
899,STU1899,8,Football,A,10
900,STU1900,7,Yoga,C,9
901,STU1901,9,Gymnastics,B,9
902,STU1902,9,None,D,6
903,STU1903,6,Football,A,8
904,STU1904,8,Cricket,B,5
905,STU1905,8,Yoga,B,10
906,STU1906,10,Yoga,C,5
907,STU1907,7,Yoga,A,9
908,STU1908,9,None,D,10
909,STU1909,7,Gymnastics,A,9
910,STU1910,8,Yoga,C,10
911,STU1911,9,Football,C,10
912,STU1912,7,Gymnastics,A,10
913,STU1913,9,Yoga,C,6
914,STU1914,9,Football,B,10
915,STU1915,6,Cricket,B,9
916,STU1916,8,Football,C,9
917,STU1917,7,Football,A,8
918,STU1918,6,Gymnastics,B,8
919,STU1919,6,Cricket,B,5
920,STU1920,7,Gymnastics,C,6
921,STU1921,6,Yoga,A,6
922,STU1922,8,Gymnastics,B,8
923,STU1923,9,None,D,10
924,STU1924,10,Gymnastics,A,10
925,STU1925,9,Football,B,5
926,STU1926,10,None,D,9
927,STU1927,9,None,D,5
928,STU1928,6,Yoga,A,10
929,STU1929,10,None,D,6
930,STU1930,10,Cricket,A,9
931,STU1931,7,Football,C,10
932,STU1932,10,Yoga,B,8
933,STU1933,8,Gymnastics,B,6
934,STU1934,8,Yoga,A,7
935,STU1935,7,Yoga,B,10
936,STU1936,7,Football,A,6
937,STU1937,10,Football,B,10
938,STU1938,9,Yoga,A,7
939,STU1939,10,Gymnastics,A,9
940,STU1940,7,Cricket,B,9
941,STU1941,6,Gymnastics,A,9
942,STU1942,9,None,D,9
943,STU1943,7,None,D,9
944,STU1944,8,Cricket,A,7
945,STU1945,9,None,D,10
946,STU1946,7,Football,C,9
947,STU1947,7,Gymnastics,A,5
948,STU1948,10,Gymnastics,A,9
949,STU1949,8,Football,B,10
950,STU1950,10,Gymnastics,A,7
951,STU1951,6,Gymnastics,C,6
952,STU1952,7,Cricket,B,10
953,STU1953,9,Yoga,C,9
954,STU1954,9,Yoga,C,6
955,STU1955,6,None,D,10
956,STU1956,9,Yoga,A,9
957,STU1957,7,Yoga,A,6
958,STU1958,10,None,D,9
959,STU1959,10,Cricket,C,9
960,STU1960,10,None,D,9
961,STU1961,9,None,D,5
962,STU1962,6,Cricket,B,5
963,STU1963,6,None,D,7
964,STU1964,7,Gymnastics,A,6
965,STU1965,7,None,D,8
966,STU1966,6,Yoga,C,9
967,STU1967,10,Yoga,B,7
968,STU1968,7,Football,A,8
969,STU1969,7,Gymnastics,C,6
970,STU1970,9,Gymnastics,A,8
971,STU1971,10,Cricket,C,6
972,STU1972,10,None,D,5
973,STU1973,6,Football,C,7
974,STU1974,8,Football,A,10
975,STU1975,10,None,D,8
976,STU1976,9,Gymnastics,C,7
977,STU1977,8,Cricket,C,6
978,STU1978,6,Cricket,A,9
979,STU1979,10,Gymnastics,B,10
980,STU1980,9,None,D,6
981,STU1981,6,Football,A,10
982,STU1982,6,Gymnastics,B,6
983,STU1983,10,Gymnastics,B,10
984,STU1984,9,Football,A,5
985,STU1985,7,Football,A,10
986,STU1986,7,Gymnastics,C,5
987,STU1987,6,Cricket,B,8
988,STU1988,7,Football,A,10
989,STU1989,9,None,D,7
990,STU1990,10,Cricket,A,9
991,STU1991,10,None,D,7
992,STU1992,7,Gymnastics,A,5
993,STU1993,6,Cricket,B,7
994,STU1994,8,Gymnastics,A,6
995,STU1995,9,None,D,5
996,STU1996,10,Cricket,C,5
997,STU1997,8,Cricket,A,6
998,STU1998,6,Gymnastics,C,5
999,STU1999,7,Cricket,A,7
1000,STU2000,9,Football,A,10
1001,STU2001,7,Cricket,A,9
1002,STU2002,7,Gymnastics,A,10
1003,STU2003,7,None,D,5
1004,STU2004,10,None,D,5
1005,STU2005,8,Cricket,B,5
1006,STU2006,9,Gymnastics,A,9
1007,STU2007,7,Cricket,B,8
1008,STU2008,9,Gymnastics,A,6
1009,STU2009,6,Yoga,B,10
1010,STU2010,6,None,D,10
1011,STU2011,10,Gymnastics,C,5
1012,STU2012,7,Yoga,A,10
1013,STU2013,7,Yoga,A,6
1014,STU2014,6,Football,B,8
1015,STU2015,7,Cricket,A,7
1016,STU2016,8,Yoga,B,9
1017,STU2017,6,Football,A,8
1018,STU2018,8,Cricket,C,10
1019,STU2019,8,Football,A,5
1020,STU2020,7,None,D,5
1021,STU2021,9,Football,A,8
1022,STU2022,10,Yoga,A,6
1023,STU2023,9,Cricket,C,7
1024,STU2024,7,None,D,7
1025,STU2025,9,Yoga,A,8
1026,STU2026,7,Cricket,A,9
1027,STU2027,9,None,D,6
1028,STU2028,8,Yoga,A,8
1029,STU2029,7,Cricket,C,9
1030,STU2030,8,Cricket,C,9
1031,STU2031,6,None,D,5
1032,STU2032,8,Gymnastics,A,5
1033,STU2033,9,Yoga,A,8
1034,STU2034,6,Yoga,B,10
1035,STU2035,10,Cricket,B,6
1036,STU2036,9,Cricket,A,7
1037,STU2037,7,Yoga,C,9
1038,STU2038,8,None,D,7
1039,STU2039,8,Yoga,C,8
1040,STU2040,7,Cricket,C,5
1041,STU2041,6,None,D,10
1042,STU2042,6,Football,A,6
1043,STU2043,6,Gymnastics,B,5
1044,STU2044,6,None,D,9
1045,STU2045,10,Cricket,B,9
1046,STU2046,6,Cricket,B,9
1047,STU2047,8,Gymnastics,B,5
1048,STU2048,6,None,D,10
1049,STU2049,7,Gymnastics,B,8
1050,STU2050,8,Yoga,B,5
1051,STU2051,6,Football,C,8
1052,STU2052,7,None,D,10
1053,STU2053,8,None,D,6
1054,STU2054,9,Gymnastics,C,7
1055,STU2055,10,Gymnastics,A,10
1056,STU2056,6,Cricket,B,6
1057,STU2057,10,Cricket,A,8
1058,STU2058,7,Yoga,A,8
1059,STU2059,8,Gymnastics,B,8
1060,STU2060,6,Yoga,A,7
1061,STU2061,9,None,D,5
1062,STU2062,9,Yoga,A,7
1063,STU2063,6,Yoga,C,7
1064,STU2064,8,Cricket,C,7
1065,STU2065,6,Football,C,5
1066,STU2066,10,Gymnastics,C,5
1067,STU2067,10,Yoga,B,7
1068,STU2068,7,Gymnastics,B,7
1069,STU2069,7,Football,C,8
1070,STU2070,8,Gymnastics,C,6
1071,STU2071,6,None,D,5
1072,STU2072,6,None,D,9
1073,STU2073,7,Yoga,A,7
1074,STU2074,10,Yoga,C,5
1075,STU2075,9,Yoga,B,10
1076,STU2076,6,Football,B,6
1077,STU2077,6,Yoga,A,8
1078,STU2078,9,Gymnastics,A,5
1079,STU2079,7,Yoga,A,6
1080,STU2080,8,Football,C,7
1081,STU2081,6,Yoga,C,6
1082,STU2082,6,Gymnastics,A,8
1083,STU2083,7,Cricket,C,9
1084,STU2084,8,Cricket,B,7
1085,STU2085,8,Cricket,A,7
1086,STU2086,9,Gymnastics,C,6
1087,STU2087,6,None,D,7
1088,STU2088,8,Football,C,9
1089,STU2089,6,Football,C,8
1090,STU2090,7,None,D,6
1091,STU2091,9,Cricket,A,9
1092,STU2092,10,None,D,6
1093,STU2093,9,Yoga,B,10
1094,STU2094,6,Cricket,B,6
1095,STU2095,8,Yoga,C,8
1096,STU2096,9,Gymnastics,B,8
1097,STU2097,9,Yoga,B,9
1098,STU2098,7,Cricket,C,7
1099,STU2099,8,Cricket,C,7
1100,STU2100,6,Yoga,A,10
1101,STU2101,10,None,D,9
1102,STU2102,7,Gymnastics,A,7
1103,STU2103,10,Football,C,9
1104,STU2104,9,Cricket,A,5
1105,STU2105,10,Yoga,A,7
1106,STU2106,8,None,D,6
1107,STU2107,7,Yoga,A,7
1108,STU2108,6,Football,C,6
1109,STU2109,10,Yoga,C,8
1110,STU2110,6,Cricket,C,9
1111,STU2111,10,Yoga,A,5
1112,STU2112,10,None,D,6
1113,STU2113,6,Football,A,7
1114,STU2114,9,Football,A,8
1115,STU2115,10,Cricket,A,6
1116,STU2116,10,Yoga,A,9
1117,STU2117,6,Gymnastics,C,10
1118,STU2118,9,Gymnastics,C,8
1119,STU2119,7,Cricket,C,10
1120,STU2120,6,Cricket,B,10
1121,STU2121,6,Cricket,C,8
1122,STU2122,9,None,D,5
1123,STU2123,8,Yoga,B,8
1124,STU2124,8,Yoga,A,10
1125,STU2125,9,Cricket,B,9
1126,STU2126,7,Gymnastics,B,9
1127,STU2127,9,None,D,6
1128,STU2128,8,Cricket,C,6
1129,STU2129,8,Yoga,B,10
1130,STU2130,9,None,D,8
1131,STU2131,8,Gymnastics,C,9
1132,STU2132,7,Gymnastics,A,9
1133,STU2133,9,Football,C,6
1134,STU2134,9,Football,B,6
1135,STU2135,7,Cricket,A,8
1136,STU2136,10,None,D,5
1137,STU2137,6,Gymnastics,B,7
1138,STU2138,8,Cricket,B,10
1139,STU2139,6,Football,B,10
1140,STU2140,7,Gymnastics,B,5
1141,STU2141,10,Football,A,10
1142,STU2142,10,Gymnastics,B,9
1143,STU2143,10,Gymnastics,A,5
1144,STU2144,8,Cricket,C,10
1145,STU2145,6,Cricket,A,8
1146,STU2146,8,Football,B,6
1147,STU2147,7,Yoga,C,8
1148,STU2148,7,Football,C,8
1149,STU2149,6,Football,A,5
1150,STU2150,10,Football,B,7
1151,STU2151,6,Yoga,C,6
1152,STU2152,9,Cricket,B,10
1153,STU2153,10,Gymnastics,A,6
1154,STU2154,6,Yoga,B,5
1155,STU2155,9,Cricket,B,6
1156,STU2156,7,Gymnastics,C,7
1157,STU2157,9,Yoga,B,6
1158,STU2158,6,Yoga,B,7
1159,STU2159,9,Gymnastics,A,7
1160,STU2160,6,Cricket,B,10
1161,STU2161,10,Yoga,C,9
1162,STU2162,7,Gymnastics,A,8
1163,STU2163,9,Cricket,A,10
1164,STU2164,10,None,D,10
1165,STU2165,10,Football,C,7
1166,STU2166,7,Cricket,B,5
1167,STU2167,10,Yoga,B,10
1168,STU2168,10,Cricket,B,10
1169,STU2169,8,Cricket,C,8
1170,STU2170,10,Yoga,A,5
1171,STU2171,10,None,D,10
1172,STU2172,6,Football,B,10
1173,STU2173,8,Football,C,8
1174,STU2174,10,Gymnastics,A,6
1175,STU2175,9,Yoga,C,6
1176,STU2176,9,None,D,5
1177,STU2177,9,Gymnastics,A,6
1178,STU2178,6,None,D,7
1179,STU2179,7,Cricket,C,10
1180,STU2180,6,Gymnastics,A,6
1181,STU2181,7,Football,C,9
1182,STU2182,6,Yoga,A,7
1183,STU2183,7,None,D,5
1184,STU2184,7,None,D,7
1185,STU2185,6,Cricket,B,10
1186,STU2186,8,Gymnastics,B,8
1187,STU2187,10,Gymnastics,A,6
1188,STU2188,10,Gymnastics,C,10
1189,STU2189,6,Football,C,6
1190,STU2190,9,Football,C,10
1191,STU2191,7,Gymnastics,C,10
1192,STU2192,10,None,D,5
1193,STU2193,6,Yoga,A,7
1194,STU2194,10,Yoga,C,6
1195,STU2195,10,Football,A,9
1196,STU2196,7,Football,B,5
1197,STU2197,9,Gymnastics,A,5
1198,STU2198,7,None,D,6
1199,STU2199,8,Gymnastics,C,5
1200,STU2200,9,Cricket,A,8
1201,STU2201,10,Yoga,C,8
1202,STU2202,6,Football,B,8
1203,STU2203,8,None,D,9
1204,STU2204,6,Yoga,C,5
1205,STU2205,6,None,D,6
1206,STU2206,6,Gymnastics,C,8
1207,STU2207,6,None,D,6
1208,STU2208,10,Football,B,10
1209,STU2209,10,Football,C,10
1210,STU2210,10,None,D,7
1211,STU2211,7,None,D,5
1212,STU2212,7,Gymnastics,C,6
1213,STU2213,10,Yoga,B,5
1214,STU2214,10,Football,C,7
1215,STU2215,8,Gymnastics,C,6
1216,STU2216,10,Football,A,10
1217,STU2217,7,Gymnastics,A,5
1218,STU2218,8,Gymnastics,A,9
1219,STU2219,6,Gymnastics,C,7
1220,STU2220,7,Cricket,C,6
1221,STU2221,9,None,D,8
1222,STU2222,6,None,D,5
1223,STU2223,8,Gymnastics,A,8
1224,STU2224,6,Cricket,A,7
1225,STU2225,10,Yoga,B,5
1226,STU2226,9,Football,A,5
1227,STU2227,10,Gymnastics,A,6
1228,STU2228,8,Gymnastics,B,9
1229,STU2229,10,Gymnastics,A,7
1230,STU2230,7,None,D,8
1231,STU2231,10,Cricket,B,8
1232,STU2232,7,Gymnastics,B,6
1233,STU2233,9,Gymnastics,A,5
1234,STU2234,10,Yoga,C,10
1235,STU2235,6,Football,B,10
1236,STU2236,10,None,D,9
1237,STU2237,6,Yoga,B,8
1238,STU2238,8,Gymnastics,C,5
1239,STU2239,10,Football,B,7
1240,STU2240,9,Football,C,10
1241,STU2241,7,Yoga,B,8
1242,STU2242,6,Yoga,B,9
1243,STU2243,7,Gymnastics,B,7
1244,STU2244,9,Gymnastics,C,10
1245,STU2245,8,Football,C,9
1246,STU2246,10,Yoga,C,7
1247,STU2247,7,Cricket,C,8
1248,STU2248,10,Football,B,10
1249,STU2249,8,None,D,7
1250,STU2250,10,Football,C,6
1251,STU2251,9,Yoga,A,5
1252,STU2252,8,Yoga,A,7
1253,STU2253,7,Gymnastics,B,7
1254,STU2254,6,Cricket,B,6
1255,STU2255,10,None,D,6
1256,STU2256,8,None,D,9
1257,STU2257,10,Gymnastics,A,5
1258,STU2258,6,Gymnastics,C,6
1259,STU2259,9,Football,C,6
1260,STU2260,8,Football,C,5
1261,STU2261,6,Football,B,7
1262,STU2262,8,Football,B,5
1263,STU2263,10,Cricket,C,9
1264,STU2264,9,Yoga,A,7
1265,STU2265,6,Gymnastics,A,9
1266,STU2266,10,Gymnastics,A,9
1267,STU2267,9,None,D,10
1268,STU2268,7,Football,C,9
1269,STU2269,6,Football,C,6
1270,STU2270,8,Football,C,5
1271,STU2271,9,None,D,7
1272,STU2272,8,Yoga,A,6
1273,STU2273,6,Yoga,B,8
1274,STU2274,8,Yoga,B,7
1275,STU2275,8,Gymnastics,A,9
1276,STU2276,7,Cricket,A,9
1277,STU2277,9,Cricket,B,10
1278,STU2278,9,Yoga,B,5
1279,STU2279,9,None,D,6
1280,STU2280,8,Cricket,C,5
1281,STU2281,9,Cricket,C,5
1282,STU2282,9,Cricket,B,8
1283,STU2283,6,Yoga,A,10
1284,STU2284,6,Gymnastics,B,8
1285,STU2285,6,Football,B,10
1286,STU2286,8,Yoga,B,10
1287,STU2287,10,None,D,8
1288,STU2288,6,Cricket,B,9
1289,STU2289,7,Gymnastics,C,6
1290,STU2290,9,Gymnastics,B,7
1291,STU2291,8,Gymnastics,A,7
1292,STU2292,9,Football,B,9
1293,STU2293,7,Cricket,B,8
1294,STU2294,7,None,D,6
1295,STU2295,10,Yoga,C,6
1296,STU2296,10,None,D,8
1297,STU2297,9,Cricket,C,8
1298,STU2298,6,Gymnastics,B,9
1299,STU2299,10,Cricket,B,9
1300,STU2300,6,Cricket,A,7
1301,STU2301,9,Yoga,C,6
1302,STU2302,9,Yoga,A,7
1303,STU2303,7,Gymnastics,A,10
1304,STU2304,10,Gymnastics,C,6
1305,STU2305,6,Football,C,6
1306,STU2306,10,Cricket,C,6
1307,STU2307,8,Football,A,7
1308,STU2308,7,Football,B,5
1309,STU2309,8,Gymnastics,C,7
1310,STU2310,10,Cricket,A,9
1311,STU2311,9,Yoga,B,6
1312,STU2312,9,Gymnastics,A,9
1313,STU2313,7,Gymnastics,C,5
1314,STU2314,7,Yoga,B,8
1315,STU2315,10,Gymnastics,C,6
1316,STU2316,6,Yoga,A,10
1317,STU2317,6,Cricket,A,7
1318,STU2318,9,Gymnastics,B,8
1319,STU2319,9,None,D,8
1320,STU2320,8,Football,C,9
1321,STU2321,7,Football,B,10
1322,STU2322,10,Gymnastics,A,8
1323,STU2323,9,None,D,5
1324,STU2324,9,Yoga,B,8
1325,STU2325,9,Cricket,A,9
1326,STU2326,6,Yoga,B,9
1327,STU2327,8,Cricket,A,10
1328,STU2328,10,None,D,10
1329,STU2329,8,Football,C,7
1330,STU2330,10,Gymnastics,C,6
1331,STU2331,9,None,D,8
1332,STU2332,8,Football,C,5
1333,STU2333,9,Gymnastics,B,8
1334,STU2334,10,Gymnastics,C,9
1335,STU2335,10,Gymnastics,C,9
1336,STU2336,6,Gymnastics,C,9
1337,STU2337,9,None,D,6
1338,STU2338,6,Cricket,C,7
1339,STU2339,7,None,D,7
1340,STU2340,6,None,D,10
1341,STU2341,8,Cricket,C,9
1342,STU2342,8,Yoga,B,7
1343,STU2343,8,Gymnastics,A,6
1344,STU2344,9,Yoga,B,6
1345,STU2345,8,Football,B,7
1346,STU2346,10,Cricket,A,8
1347,STU2347,10,Yoga,B,7
1348,STU2348,7,Gymnastics,B,9
1349,STU2349,6,Yoga,A,8
1350,STU2350,10,None,D,6
1351,STU2351,6,Gymnastics,A,7
1352,STU2352,7,None,D,8
1353,STU2353,7,Cricket,A,9
1354,STU2354,8,None,D,8
1355,STU2355,10,Cricket,C,9
1356,STU2356,6,Yoga,C,9
1357,STU2357,9,Gymnastics,A,8
1358,STU2358,9,Cricket,A,7
1359,STU2359,7,None,D,9
1360,STU2360,7,Football,B,9
1361,STU2361,9,None,D,8
1362,STU2362,9,Yoga,C,10
1363,STU2363,9,Cricket,B,6
1364,STU2364,9,None,D,5
1365,STU2365,9,Gymnastics,B,6
1366,STU2366,9,None,D,10
1367,STU2367,9,Gymnastics,A,5
1368,STU2368,7,Gymnastics,A,9
1369,STU2369,10,Football,A,5
1370,STU2370,7,Gymnastics,A,6
1371,STU2371,8,None,D,10
1372,STU2372,10,Yoga,A,8
1373,STU2373,10,Gymnastics,B,7
1374,STU2374,8,None,D,7
1375,STU2375,9,Cricket,B,8
1376,STU2376,7,Yoga,B,8
1377,STU2377,7,None,D,7
1378,STU2378,8,Cricket,A,7
1379,STU2379,6,Gymnastics,B,10
1380,STU2380,7,None,D,5
1381,STU2381,6,Football,C,5
1382,STU2382,10,Yoga,C,6
1383,STU2383,7,Cricket,A,9
1384,STU2384,10,Cricket,B,6
1385,STU2385,7,Yoga,A,8
1386,STU2386,8,Yoga,B,10
1387,STU2387,10,None,D,8
1388,STU2388,9,Cricket,A,9
1389,STU2389,6,Football,A,9
1390,STU2390,7,Yoga,A,5
1391,STU2391,8,Yoga,A,5
1392,STU2392,8,Gymnastics,B,10
1393,STU2393,10,Yoga,C,10
1394,STU2394,7,Gymnastics,C,8
1395,STU2395,9,Football,B,5
1396,STU2396,9,None,D,10
1397,STU2397,7,Football,A,6
1398,STU2398,8,None,D,8
1399,STU2399,8,Cricket,A,6
1400,STU2400,10,Yoga,B,7
1401,STU2401,9,Gymnastics,A,8
1402,STU2402,9,Football,C,10
1403,STU2403,8,Gymnastics,B,5
1404,STU2404,6,Football,A,5
1405,STU2405,10,Cricket,C,7
1406,STU2406,9,Football,C,6
1407,STU2407,9,Football,A,7
1408,STU2408,8,Gymnastics,B,10
1409,STU2409,8,Gymnastics,C,7
1410,STU2410,6,Cricket,A,6
1411,STU2411,10,Gymnastics,B,7
1412,STU2412,7,Yoga,B,8
1413,STU2413,6,None,D,5
1414,STU2414,10,Football,C,9
1415,STU2415,10,Cricket,B,9
1416,STU2416,7,Football,B,7
1417,STU2417,8,Yoga,C,6
1418,STU2418,9,None,D,6
1419,STU2419,9,Cricket,B,10
1420,STU2420,10,Football,C,5
1421,STU2421,8,Gymnastics,B,10
1422,STU2422,6,Yoga,A,6
1423,STU2423,9,Yoga,C,10
1424,STU2424,6,Yoga,A,9
1425,STU2425,8,None,D,10
1426,STU2426,7,Yoga,A,10
1427,STU2427,8,Yoga,B,10
1428,STU2428,9,Yoga,A,10
1429,STU2429,7,Gymnastics,C,5
1430,STU2430,6,Gymnastics,A,10
1431,STU2431,6,Yoga,C,9
1432,STU2432,9,Gymnastics,A,6
1433,STU2433,8,Cricket,A,6
1434,STU2434,6,None,D,7
1435,STU2435,8,Yoga,A,8
1436,STU2436,10,Yoga,A,7
1437,STU2437,10,Yoga,B,5
1438,STU2438,6,None,D,5
1439,STU2439,7,Football,A,10
1440,STU2440,10,Cricket,B,7
1441,STU2441,10,Football,A,8
1442,STU2442,8,Football,C,10
1443,STU2443,6,Football,B,5
1444,STU2444,7,None,D,6
1445,STU2445,7,Football,A,8
1446,STU2446,8,Yoga,C,10
1447,STU2447,8,Yoga,C,10
1448,STU2448,9,None,D,6
1449,STU2449,8,Gymnastics,B,9
1450,STU2450,9,Gymnastics,C,7
1451,STU2451,7,None,D,6
1452,STU2452,7,None,D,9
1453,STU2453,8,Cricket,A,6
1454,STU2454,10,Yoga,A,10
1455,STU2455,10,None,D,9
1456,STU2456,8,None,D,8
1457,STU2457,9,Football,C,9
1458,STU2458,6,None,D,10
1459,STU2459,8,Football,C,8
1460,STU2460,10,None,D,6
1461,STU2461,9,Football,A,9
1462,STU2462,6,None,D,9
1463,STU2463,10,Yoga,C,8
1464,STU2464,10,None,D,10
1465,STU2465,8,Cricket,B,8
1466,STU2466,8,Gymnastics,A,7
1467,STU2467,8,Gymnastics,C,10
1468,STU2468,9,Football,A,5
1469,STU2469,9,None,D,5
1470,STU2470,10,Yoga,C,8
1471,STU2471,9,Cricket,C,7
1472,STU2472,10,Football,A,5
1473,STU2473,9,Football,A,7
1474,STU2474,8,None,D,8
1475,STU2475,6,Yoga,A,8
1476,STU2476,10,Gymnastics,B,5
1477,STU2477,10,Gymnastics,B,7
1478,STU2478,7,Football,A,9
1479,STU2479,7,Yoga,B,7
1480,STU2480,6,Gymnastics,A,10
1481,STU2481,6,Gymnastics,A,9
1482,STU2482,10,None,D,10
1483,STU2483,6,Cricket,A,5
1484,STU2484,6,Gymnastics,B,6
1485,STU2485,7,Cricket,C,9
1486,STU2486,9,Yoga,A,9
1487,STU2487,9,Gymnastics,B,5
1488,STU2488,9,Gymnastics,A,7
1489,STU2489,6,None,D,8
1490,STU2490,7,Football,B,7
1491,STU2491,8,Yoga,A,8
1492,STU2492,6,Football,A,9
1493,STU2493,7,Cricket,A,5
1494,STU2494,9,None,D,5
1495,STU2495,7,Cricket,B,6
1496,STU2496,7,Cricket,A,9
1497,STU2497,9,Cricket,C,7
1498,STU2498,9,Yoga,A,8
1499,STU2499,6,Gymnastics,A,9
1500,STU2500,8,None,D,6
1501,STU2501,7,Gymnastics,B,5
1502,STU2502,7,Football,B,6
1503,STU2503,9,Yoga,B,10
1504,STU2504,9,Cricket,B,5
1505,STU2505,6,Cricket,B,8
1506,STU2506,9,Football,B,10
1507,STU2507,9,None,D,9
1508,STU2508,10,Cricket,B,6
1509,STU2509,6,Cricket,A,9
1510,STU2510,6,Football,C,8
1511,STU2511,6,Yoga,B,9
1512,STU2512,10,Cricket,C,9
1513,STU2513,6,Cricket,B,10
1514,STU2514,6,Yoga,B,10
1515,STU2515,8,Gymnastics,C,8
1516,STU2516,8,Yoga,B,9
1517,STU2517,8,None,D,8
1518,STU2518,6,Football,B,6
1519,STU2519,9,Yoga,C,10
1520,STU2520,10,Yoga,B,10
1521,STU2521,10,Cricket,C,5
1522,STU2522,10,None,D,10
1523,STU2523,10,Football,C,10
1524,STU2524,9,Yoga,C,9
1525,STU2525,9,Football,A,7
1526,STU2526,6,Cricket,B,9
1527,STU2527,8,Football,B,6
1528,STU2528,7,Yoga,C,5
1529,STU2529,10,Cricket,B,6
1530,STU2530,6,Cricket,A,5
1531,STU2531,9,Yoga,B,8
1532,STU2532,8,Yoga,A,8
1533,STU2533,10,Yoga,C,8
1534,STU2534,6,Football,C,8
1535,STU2535,7,Cricket,A,7
1536,STU2536,9,Football,A,6
1537,STU2537,7,None,D,7
1538,STU2538,7,Gymnastics,A,5
1539,STU2539,9,Football,A,6
1540,STU2540,10,Yoga,C,5
1541,STU2541,6,None,D,9
1542,STU2542,9,Cricket,A,10
1543,STU2543,7,None,D,7
1544,STU2544,6,Yoga,C,7
1545,STU2545,7,Gymnastics,B,5
1546,STU2546,9,Football,A,8
1547,STU2547,6,Gymnastics,A,6
1548,STU2548,9,Cricket,A,9
1549,STU2549,10,Cricket,C,9
1550,STU2550,9,Gymnastics,A,8
1551,STU2551,8,Cricket,B,6
1552,STU2552,7,Gymnastics,A,8
1553,STU2553,9,Cricket,A,5
1554,STU2554,9,Gymnastics,C,5
1555,STU2555,9,Gymnastics,B,9
1556,STU2556,9,Yoga,A,10
1557,STU2557,8,Football,B,8
1558,STU2558,10,Gymnastics,C,7
1559,STU2559,10,Football,C,7
1560,STU2560,9,Football,B,7
1561,STU2561,7,Gymnastics,B,7
1562,STU2562,9,None,D,9
1563,STU2563,10,Gymnastics,C,10
1564,STU2564,9,None,D,6
1565,STU2565,8,Gymnastics,C,5
1566,STU2566,9,Football,C,5
1567,STU2567,7,Football,C,10
1568,STU2568,9,Cricket,A,10
1569,STU2569,8,Cricket,C,10
1570,STU2570,8,Cricket,C,10
1571,STU2571,9,Cricket,B,10
1572,STU2572,6,None,D,9
1573,STU2573,9,Football,A,10
1574,STU2574,7,Yoga,B,5
1575,STU2575,9,Yoga,C,6
1576,STU2576,10,Cricket,C,8
1577,STU2577,6,None,D,7
1578,STU2578,8,Football,A,10
1579,STU2579,10,Cricket,B,7
1580,STU2580,7,None,D,10
1581,STU2581,6,Football,C,8
1582,STU2582,10,Yoga,C,5
1583,STU2583,9,Cricket,C,8
1584,STU2584,7,None,D,5
1585,STU2585,10,Yoga,A,5
1586,STU2586,10,Yoga,A,6
1587,STU2587,8,Football,B,9
1588,STU2588,7,Gymnastics,C,7
1589,STU2589,6,None,D,10
1590,STU2590,9,None,D,8
1591,STU2591,7,Gymnastics,A,7
1592,STU2592,8,Yoga,A,10
1593,STU2593,9,Gymnastics,A,8
1594,STU2594,6,Gymnastics,C,9
1595,STU2595,8,Cricket,C,6
1596,STU2596,9,Gymnastics,B,7
1597,STU2597,7,Football,A,9
1598,STU2598,9,Football,C,9
1599,STU2599,8,Gymnastics,A,9
1600,STU2600,10,Football,C,10
1601,STU2601,8,Gymnastics,C,5
1602,STU2602,7,None,D,9
1603,STU2603,6,Yoga,B,9
1604,STU2604,8,Football,B,9
1605,STU2605,7,Gymnastics,A,8
1606,STU2606,7,Football,B,5
1607,STU2607,10,Football,C,5
1608,STU2608,10,Gymnastics,B,8
1609,STU2609,7,Cricket,B,7
1610,STU2610,6,Gymnastics,C,9
1611,STU2611,8,Gymnastics,B,7
1612,STU2612,8,Football,A,10
1613,STU2613,8,None,D,8
1614,STU2614,9,Yoga,A,9
1615,STU2615,9,Football,A,9
1616,STU2616,9,Cricket,B,7
1617,STU2617,6,Yoga,C,6
1618,STU2618,7,None,D,10
1619,STU2619,8,Yoga,C,7
1620,STU2620,9,Yoga,A,5
1621,STU2621,6,Gymnastics,B,7
1622,STU2622,8,None,D,10
1623,STU2623,6,Gymnastics,B,8
1624,STU2624,8,Gymnastics,C,9
1625,STU2625,8,Football,C,5
1626,STU2626,7,Football,B,5
1627,STU2627,9,Gymnastics,C,5
1628,STU2628,7,Yoga,C,6
1629,STU2629,8,Football,C,9
1630,STU2630,7,Yoga,A,7
1631,STU2631,8,None,D,9
1632,STU2632,6,Cricket,C,8
1633,STU2633,7,Football,B,7
1634,STU2634,6,Gymnastics,C,8
1635,STU2635,8,Gymnastics,A,7
1636,STU2636,8,Cricket,C,5
1637,STU2637,10,Cricket,A,10
1638,STU2638,6,Gymnastics,A,7
1639,STU2639,10,Cricket,C,10
1640,STU2640,7,None,D,9
1641,STU2641,7,None,D,7
1642,STU2642,8,None,D,7
1643,STU2643,6,Cricket,A,10
1644,STU2644,9,Cricket,A,8
1645,STU2645,9,Cricket,B,8
1646,STU2646,9,None,D,10
1647,STU2647,8,None,D,6
1648,STU2648,6,Cricket,C,9
1649,STU2649,9,Yoga,B,7
1650,STU2650,10,Cricket,C,7
1651,STU2651,6,Football,A,10
1652,STU2652,10,Football,A,9
1653,STU2653,10,Cricket,B,10
1654,STU2654,8,None,D,5
1655,STU2655,10,Yoga,C,8
1656,STU2656,8,Football,C,5
1657,STU2657,10,Gymnastics,B,6
1658,STU2658,8,Football,B,7
1659,STU2659,8,Gymnastics,A,9
1660,STU2660,10,Football,A,5
1661,STU2661,10,Yoga,B,8
1662,STU2662,7,Cricket,A,8
1663,STU2663,10,Yoga,C,5
1664,STU2664,10,Cricket,C,5
1665,STU2665,10,Cricket,A,9
1666,STU2666,7,Cricket,B,5
1667,STU2667,7,None,D,8
1668,STU2668,7,Gymnastics,C,9
1669,STU2669,9,Football,C,10
1670,STU2670,7,Football,A,5
1671,STU2671,9,Cricket,C,5
1672,STU2672,6,None,D,8
1673,STU2673,7,Football,C,6
1674,STU2674,10,Gymnastics,C,8
1675,STU2675,9,Cricket,B,6
1676,STU2676,8,Yoga,C,5
1677,STU2677,6,None,D,9
1678,STU2678,6,Cricket,C,8
1679,STU2679,7,Football,C,8
1680,STU2680,7,None,D,10
